Model,accuracy,f1_macro,precision_macro,recall_macro
Logistic,0.702717848136733,0.6650646174847902,0.7185566695975183,0.6825042016806723
LinearSVM,0.7100028019052956,0.6694311476637154,0.7038704885697518,0.6931190476190476
ExtraTree,0.608573830204539,0.5846140473080146,0.6422129559135669,0.6060868347338936
KNN,0.6346315494536284,0.6077755961101999,0.619833545389561,0.6249383753501399
KernelSVM,0.6186606892687028,0.6009094735731572,0.7015590534082787,0.5938473389355742
RandomForest,0.55561782011768,0.5229411055504869,0.6321579871213869,0.5434201680672268
MultiNB,0.730456710563183,0.690455705509905,0.7143115161659321,0.7121960784313726
Ensemble,0.7086018492574951,0.6732399510135135,0.7118821597178311,0.6916918767507003
