Model,accuracy,f1_macro,precision_macro,recall_macro
RandomForest,0.8322639780018332,0.7771691039164735,0.8015817314046056,0.7628273771389686
LinearSVM,0.9055912007332723,0.8440294900003494,0.8659463222037668,0.8284436397966691
LightGBM,0.8790100824931256,0.7993996023764732,0.8399256621420869,0.7798781803335612
KNN,0.6956920256645279,0.6871180966162401,0.7291059591032677,0.7527046456568128
Logistic,0.8890925756186985,0.819008289689362,0.8680677103332389,0.7920749947823608
MultiNB,0.9028414298808433,0.836961108373799,0.864946567544003,0.825837255325932
ExtraTree,0.8322639780018332,0.7652881574203068,0.7832774577269,0.763428037778331
KernelSVM,0.8551787351054079,0.7872751153508666,0.8704780432800536,0.7410659529570858
Ensemble,0.9037580201649863,0.8312187879793196,0.8730155999553145,0.8092585230731075
