Model,Hyper_Parameter,f1_macro,accuracy,Training_Time (Seconds)
LinearSVM,{'C': 0.445},0.8094752312316648,0.8857729138166894,1.2189686298370361
MultiNB,{'alpha': 0.0004},0.8029181419016065,0.875968992248062,0.18146491050720215
KernelSVM,"{'C': 0.7, 'gamma': 0.6, 'kernel': 'rbf'}",0.5842611405354041,0.7503419972640218,33.543999433517456
RandomForest,"{'n_estimators': 15, 'max_features': 0.7, 'n_jobs': -1, 'max_depth': 75}",0.7178950510173794,0.7993616051071591,12.790152072906494
ExtraTree,"{'n_estimators': 60, 'class_weight': 'balanced', 'max_features': 0.3, 'n_jobs': -1, 'max_depth': 70}",0.7693627764878863,0.8125854993160054,32.573421001434326
Logistic,{'C': 2.13},0.7454954914562212,0.8467852257181943,4.861894845962524
KNN,"{'n_neighbors': 5, 'weights': 'distance'}",0.7554634685999687,0.8331053351573188,0.9078052043914795
LightGBM,"{'n_estimators': 50, 'learning_rate': 0.2, 'max_depth': 50}",0.74004871159939,0.8383492932056543,110.90716624259949
