Model,accuracy,f1_macro,precision_macro,recall_macro
MultiNB,0.807570977917981,0.7729442529687993,0.7823112532873269,0.7859185435307726
LinearSVM,0.7886435331230284,0.6860457416020446,0.6915132445501148,0.6969124722027199
KernelSVM,0.6908517350157729,0.6690689545794879,0.8114040616246498,0.6314772437315007
Logistic,0.7570977917981072,0.6938539973141823,0.7338026637746526,0.6852894531631817
Ensemble,0.7854889589905363,0.7128862361436047,0.7423205305514018,0.7155749006755199
