Model,accuracy,f1_macro,precision_macro,recall_macro
RandomForest,0.5662650602409639,0.5299968810776854,0.5882837046022316,0.5519201680672269
KernelSVM,0.6186606892687028,0.6009094735731572,0.7015590534082787,0.5938473389355742
ExtraTree,0.6063323059680583,0.5787924587125813,0.637011761599539,0.6010868347338936
LinearSVM,0.7097226113757354,0.6690362371072003,0.7034357546005722,0.692952380952381
MultiNB,0.7220509946763799,0.6800659178333468,0.7098183525687042,0.7028837535014006
Logistic,0.6881479405996077,0.6571831309989109,0.7120358797310598,0.670250700280112
KNN,0.29952367609974784,0.31867459432779655,0.616415956666644,0.2874271708683473
Ensemble,0.702717848136733,0.6697576332771356,0.7144906949407269,0.6866050420168068
