Model,Hyper_Parameter,f1_macro,f1_micro,accuracy,Training_Time (Seconds)
AdaBoost,"{'n_estimators': 90, 'learning_rate': 0.7000000000000001}",0.319072340388289,0.3737392261140656,0.3737392261140656,193.80150985717773
MultiNB,{'alpha': 0.004},0.8402505824442537,0.9081239684577297,0.9081239684577297,0.3717789649963379
