Model,accuracy,f1_macro,precision_macro,recall_macro
RandomForest,0.5596330275229358,0.5441642782001058,0.607346852795557,0.5462384076437592
LightGBM,0.6055045871559633,0.5526760504111936,0.6205241871677055,0.5576400895286344
ExtraTree,0.6269113149847095,0.5727167026140099,0.6426960739794964,0.5792322931782542
MultiNB,0.7125382262996942,0.6487470358583679,0.69106333041487,0.6560631190275154
Logistic,0.599388379204893,0.6127528987248815,0.7533600895148883,0.6075221141088014
KernelSVM,0.5626911314984709,0.5772095132154014,0.74174972058099,0.5709672158337019
LinearSVM,0.6758409785932722,0.6469669246499824,0.7139916572689682,0.6494974305511678
KNN,0.636085626911315,0.6112812692273201,0.6773243075498714,0.611672936053741
Ensemble,0.6483180428134556,0.6545841163349746,0.7441560563619387,0.6558935942798171
