Model,Hyper_Parameter,f1_macro,f1_micro,accuracy,Training_Time (Seconds)
MultiNB,{'alpha': 0.004},0.8402505824442537,0.9081239684577297,0.9081239684577297,0.3704543113708496
RandomForest,"{'max_features': 0.8, 'max_depth': 70, 'n_estimators': 20}",0.7517226259548586,0.8325692279479185,0.8325692279479185,331.84713339805603
