Model,accuracy,f1_macro,precision_macro,recall_macro
LightGBM,0.83875,0.8508665766179746,0.8772324789810089,0.8367857142857144
KernelSVM,0.76375,0.8228330791720172,0.9079583063447585,0.7646428571428571
MultiNB,0.855625,0.8649431116787325,0.8846490511054181,0.8571428571428571
Logistic,0.84375,0.8694491839722894,0.899505983406112,0.8475
RandomForest,0.780625,0.8090693084260768,0.8566083059498836,0.7785714285714285
ExtraTree,0.778125,0.7784143807511598,0.8285915116102719,0.7778571428571429
LinearSVM,0.8675,0.884148660376039,0.8970648932031785,0.8746428571428572
KNN,0.270625,0.2971885361553329,0.8128849152284083,0.2567857142857143
Ensemble,0.865625,0.8821158922295627,0.8999649084584388,0.8710714285714287
