Model,accuracy,f1_macro,precision_macro,recall_macro
KernelSVM,0.6284722222222222,0.636314068528609,0.7996739159727275,0.610077890805445
MultiNB,0.7986111111111112,0.7201161992230033,0.7370404940638206,0.7281985016228714
RandomForest,0.6111111111111112,0.606026782873711,0.6809444054759355,0.6199162120988746
Logistic,0.7013888888888888,0.7063283315637886,0.8054679344150357,0.6983604845446951
ExtraTree,0.6423611111111112,0.6056286173780453,0.6778731167353459,0.6201441409897293
LinearSVM,0.7430555555555556,0.7481256682863503,0.8205868862276716,0.7476608187134502
KNN,0.6770833333333334,0.6275212762105143,0.6549083990055352,0.6484436274509804
LightGBM,0.6319444444444444,0.5415731958086735,0.609149262625719,0.5566924497071557
Ensemble,0.7013888888888888,0.6975255303865739,0.8219262750568762,0.7024282520025554
