Model,accuracy,f1_macro,f1_micro,precision_macro,precision_micro,recall_macro,recall_micro
Stacking,0.3235563703024748,0.11820991525534551,0.3235563703024748,0.10903168856363597,0.3235563703024748,0.15883492987190292,0.3235563703024748
MultiNB,0.9110907424381302,0.8377701282196,0.91109074243813,0.8466827578303214,0.9110907424381302,0.8318309829419935,0.9110907424381302
ExtraTree,0.8487626031164069,0.7767292431761479,0.8487626031164069,0.789925684332274,0.8487626031164069,0.7750413877829717,0.8487626031164069
LinearSVM,0.9092575618698442,0.837643966693593,0.9092575618698442,0.8425371973926925,0.9092575618698442,0.8347593798892595,0.9092575618698442
RandomForest,0.8276810265811182,0.7833434793071808,0.8276810265811182,0.7885103394469688,0.8276810265811182,0.7872365983246777,0.8276810265811182
KNN,0.8725939505041247,0.7974984602790234,0.8725939505041247,0.8331370467877792,0.8725939505041247,0.7826697808113533,0.8725939505041247
