Model,accuracy,f1_macro,f1_micro,precision_macro,precision_micro,recall_macro,recall_micro
MultiNB,0.9092575618698442,0.8370174592036044,0.9092575618698442,0.8471957156242683,0.9092575618698442,0.8298903858742779,0.9092575618698442
LinearSVM,0.9074243813015582,0.8359088119936163,0.9074243813015582,0.8409952049894354,0.9074243813015582,0.8326955090066724,0.9074243813015582
RandomForest,0.8258478460128322,0.7836563261988245,0.8258478460128322,0.7929998733715479,0.8258478460128322,0.785391100874583,0.8258478460128322
Logistic,0.8881759853345554,0.8208355465999486,0.8881759853345554,0.8566382949161891,0.8881759853345554,0.8059580086045414,0.8881759853345554
ExtraTree,0.8386801099908341,0.7703239250265722,0.8386801099908341,0.7854730638342796,0.8386801099908341,0.7682306886520652,0.8386801099908341
Ensemble,0.8386801099908341,0.7703239250265722,0.8386801099908341,0.7854730638342796,0.8386801099908341,0.7682306886520652,0.8386801099908341
