Model,accuracy,f1_macro,precision_macro,recall_macro
LightGBM,0.6561514195583596,0.5821654229035018,0.6390276870124497,0.59955623274951
RandomForest,0.61198738170347,0.5539351738379176,0.5995434975200565,0.5628791192590397
MultiNB,0.8107255520504731,0.7344792141693111,0.7411600443555331,0.7478688236428174
LinearSVM,0.7760252365930599,0.7129027641605837,0.7408993314790416,0.7178742414644671
KernelSVM,0.6908517350157729,0.6808671762518371,0.831038647342995,0.6562440887286088
Logistic,0.7444794952681388,0.6854415051240578,0.735961558953083,0.6760237765821578
KNN,0.5173501577287066,0.5357275718089949,0.7175587039223403,0.49338907351678246
ExtraTree,0.668769716088328,0.5683433222561236,0.6077911237213235,0.5872219627637585
Ensemble,0.750788643533123,0.7089310624532772,0.7705314624971443,0.7134191459984803
