Model,accuracy,f1_macro,f1_micro,precision_macro,precision_micro,recall_macro,recall_micro
MultiNB,0.9092575618698442,0.8370174592036044,0.9092575618698442,0.8471957156242683,0.9092575618698442,0.8298903858742779,0.9092575618698442
LinearSVM,0.9083409715857012,0.8291404465155832,0.9083409715857012,0.8662014413576482,0.9083409715857012,0.8103523439931014,0.9083409715857012
RandomForest,0.8267644362969753,0.7765761377599816,0.8267644362969753,0.7831708171979289,0.8267644362969753,0.7791704584716388,0.8267644362969753
Logistic,0.8790100824931256,0.7805839107341331,0.8790100824931257,0.8361639096034875,0.8790100824931256,0.7455603516621465,0.8790100824931256
Ensemble,0.8790100824931256,0.7805839107341331,0.8790100824931257,0.8361639096034875,0.8790100824931256,0.7455603516621465,0.8790100824931256
