Model,accuracy,f1_macro,precision_macro,recall_macro
LinearSVM,0.8893229166666666,0.8687350677855145,0.8607262040732946,0.8841756711599974
ExtraTree,0.7916666666666666,0.7865958481955737,0.8289529085480997,0.7949417419913738
Logistic,0.8893229166666666,0.8690643342361153,0.8613313416745347,0.8848659521864816
KNN,0.8203125,0.8134871208521319,0.800134258497214,0.8460183111527015
RandomForest,0.7838541666666666,0.7667944147993009,0.8029533808188631,0.7638745494013539
MultiNB,0.8841145833333334,0.8678342698540445,0.853718123699213,0.8930473287789482
KernelSVM,0.85546875,0.8434887699180165,0.8695799072848311,0.8403609083380088
Ensemble,0.8971354166666666,0.8804537726831463,0.8751974039291092,0.895874432778057
