Model,accuracy,f1_macro,precision_macro,recall_macro
LightGBM,0.6426116838487973,0.5428115930183623,0.6092197256882032,0.5611381265793031
Logistic,0.711340206185567,0.6811251973924481,0.7648337301479218,0.6762341988077283
ExtraTree,0.6666666666666666,0.5989707598194026,0.6515800917133533,0.6114860901625608
RandomForest,0.6357388316151202,0.5800997926951903,0.6369591284576803,0.5857457940441134
LinearSVM,0.738831615120275,0.6982828710934277,0.7514285218135838,0.7100996103569633
KernelSVM,0.6563573883161512,0.6808929481486873,0.8373098667384573,0.6578369471945325
KNN,0.6323024054982818,0.6257016624941215,0.7480115200703435,0.5853574335717193
MultiNB,0.7835051546391752,0.7371070761144292,0.7859710920314635,0.750007272139625
Ensemble,0.7319587628865979,0.7332059968474114,0.8275954672419906,0.7315782858352518
