Model,Hyper_Parameter,f1_macro,accuracy,Training_Time (Seconds)
ExtraTree,"{'n_jobs': -1, 'n_estimators': 60, 'class_weight': 'balanced', 'max_depth': 70, 'max_features': 0.3}",0.7257860351804589,0.7269366493026382,12.268973112106323
LinearSVM,{'C': 0.445},0.7841624047741642,0.8062510502436565,0.5442373752593994
MultiNB,{'alpha': 0.0004},0.7825079785722462,0.8072592841539237,0.0751035213470459
LightGBM,"{'n_estimators': 50, 'max_depth': 50, 'learning_rate': 0.2}",0.7204910033619518,0.7390354562258444,20.25657820701599
KNN,"{'n_neighbors': 5, 'weights': 'distance'}",0.688696253568943,0.6830784742060158,0.8261232376098633
KernelSVM,"{'C': 0.7, 'gamma': 0.6, 'kernel': 'rbf'}",0.6515506589809126,0.6782053436397244,28.699944972991943
RandomForest,"{'n_jobs': -1, 'n_estimators': 15, 'max_depth': 75, 'max_features': 0.7}",0.6999870355788234,0.7111409847084523,5.780472755432129
Logistic,{'C': 2.13},0.7631938064340537,0.783901865232734,1.7099623680114746
