Model,Hyper_Parameter,f1_macro,f1_micro,accuracy,Training_Time (Seconds)
ExtraTree,"{'max_depth': 60, 'n_estimators': 50}",0.6880843050540052,0.8105629928479736,0.8105629928479736,71.8516891002655
MultiNB,{'alpha': 0.004},0.8402505824442537,0.9081239684577297,0.9081239684577297,0.40617799758911133
