Model,accuracy,f1_macro
MultiNB,0.9833333333333333,0.893297950759251
LightGBM,0.9866666666666667,0.8901712101712103
Ensemble,0.9866666666666667,0.8901712101712103
