Model,accuracy,f1_macro,precision_macro,recall_macro
Logistic,0.6028985507246377,0.6101795612368989,0.6974435025178816,0.619765362285265
RandomForest,0.5362318840579711,0.5382456244806084,0.5814097382153347,0.5561760669179953
LinearSVM,0.6376811594202898,0.6361828221430468,0.7146532661238544,0.6539444565705069
KernelSVM,0.5565217391304348,0.5833026941415814,0.7553785532206585,0.571813198963796
ExtraTree,0.5623188405797102,0.5567319246218064,0.5988228522912005,0.5816120307772231
LightGBM,0.5449275362318841,0.5374141777067282,0.6242974510610815,0.5612798149562855
MultiNB,0.6666666666666666,0.6522961506571946,0.7182573010448989,0.6840752489193443
KNN,0.5362318840579711,0.5863850823850694,0.6628673192582968,0.5593089867525957
Ensemble,0.6173913043478261,0.6112114849083641,0.692287672118833,0.6315080418132165
