Model,accuracy,f1_macro,precision_macro,recall_macro
LinearSVM,0.9031007751937985,0.8241792400385282,0.8397843158141403,0.817258118077106
MultiNB,0.9056847545219638,0.8394773330750505,0.8833023411528302,0.8210969986425718
LightGBM,0.8940568475452196,0.8291512693794362,0.8475368727912546,0.8240912985101071
Logistic,0.8772609819121447,0.782458693597461,0.8268309340848946,0.756126291541941
ExtraTree,0.8359173126614987,0.7915616689352898,0.787083341100523,0.824850057585872
KNN,0.8449612403100775,0.7791170881417879,0.8008066917959186,0.7688854659907751
KernelSVM,0.8540051679586563,0.7664245049244548,0.8474009459267036,0.7208024989917837
RandomForest,0.8307493540051679,0.7469464339811676,0.7853922514409797,0.7234442733937326
Ensemble,0.9018087855297158,0.8359446158158133,0.8739222978708969,0.8137746740956766
