Model,accuracy,f1_macro,precision_macro,recall_macro
LightGBM,0.561875,0.59361604503494,0.688783868204629,0.5671428571428571
LinearSVM,0.6725,0.7284873320473757,0.8259694601348786,0.6885714285714285
KNN,0.60375,0.6566614252560684,0.7704633243181211,0.6142857142857142
Logistic,0.604375,0.6885105819045647,0.8558598857705022,0.6160714285714285
RandomForest,0.52,0.5836360588038857,0.7004673922082393,0.5214285714285714
ExtraTree,0.611875,0.636762605915574,0.6906731992173359,0.6228571428571429
KernelSVM,0.4675,0.5826395401852399,0.8773297931189871,0.46785714285714286
MultiNB,0.62125,0.6620461793134526,0.7805070545798856,0.6467857142857143
Ensemble,0.660625,0.7236217236617549,0.8382719806835209,0.6735714285714287
